COUNTRIES,CITIES,CODES
Denmark,Aalborg,AAL
Norway,Aalesund,AES
Denmark,Aarhus,AAR
Canada,"Abbotsford, BC",YXX
Canada ,"Abbotsford, BC ",YXX
Scotland,Aberdeen ,ABZ
USA ,"Aberdeen, SD ",ABR
Ivory Coast,Abidjan,ABJ
USA ,"Abilene, TX ",ABI
United Arab Emirates,Abu Dhabi,AUH
Nigeria,Abuja,ABV
Mexico,Acapulco,ACA
Ghana,Accra,ACC
Turkey,Adana,ADA
Ethiopia,Addis Ababa,ADD
Australia,"Adelaide, S.A.",ADL
Yemen,Aden,ADE
Turkey,Adiyaman,ADF
Morocco,Agadir,AGA
Guam,Agana,GUM
Puerto Rico,Aguadilla,BQN
Mexico,Aguascalientes,AGU
French Polynesia,Ahe,AHE
India,Ahmedabad,AMD
France,"Ajaccio, Corsica",AJA
Japan,Akita,AXT
USA ,"Akron, OH ",CAK
USA ,"Alamosa, CO ",ALS
USA ,"Albany, GA ",ABY
USA ,"Albany, NY ",ALB
Italy,Albenga,ALL
USA ,"Albuquerque, NM ",ABQ
Australia,"Albury, N.S.W.",ABX
Egypt,Alexandria,ALY
Egypt,Alexandria,HBE
USA ,"Alexandria, LA ",AEX
Greece,Alexandroupolis,AXD
Italy,"Alghero, Sardinia",AHO
Algeria,Algiers,ALG
Spain,Alicante,ALC
Australia,"Alice Springs, N.T.",ASP
Bahamas,"Alice Town, North Bimini Island",NSB
USA ,"Allentown, PA ",ABE
USA ,"Alliance, NE ",AIA
Kazakhstan,Almaty,ALA
Spain,Almeria,LEI
Malaysia,Alor Setar,AOR
USA ,"Alpena, MI ",APN
Norway,Alta,ALF
Switzerland,Altenrhein,ACH
USA ,"Altoona, PA ",AOO
USA ,"Amarillo, TX ",AMA
Jordan,Amman,AMM
Netherlands,Amsterdam,AMS
Canada,"Anahim Lake, BC",YAA
Canada ,"Anahim Lake, BC ",YAA
USA ,"Anchorage, AK ",ANC
Italy,Ancona,AOI
Bahamas,Andros Town,ASD
Philippines,Angeles City,CRK
Azores,"Angra do Heroismo, Terceira Island",TER
Turkey,Ankara,ESB
Algeria,Annaba,AAE
France,Annecy,NCY
Turkey,Antalya,AYT
Madagascar,Antananarivo,TNR
Chile,Antofagasta,ANF
Belgium,Antwerp,ANR
Japan,Aomori,AOJ
Italy,Aosta,AOT
USA ,"Appleton, WI ",ATW
Iran,Ardabil,ADU
Peru,Arequipa,AQP
Greece,"Argostoli, Kefalonia Island",EFL
Chile,Arica,ARI
Russia,Arkhangelsk,ARH
Australia,"Armidale, N.S.W.",ARM
Canary Islands,"Arrecife, Lanzarote Island",ACE
Tanzania,Arusha,ARK
Canada,"Arviat, NWT",YEK
Canada ,"Arviat, NWT",YEK
Sweden,Arvidsjaur,AJR
USA ,"Asheville, NC ",AVL
Eritrea,Asmara,ASM
USA ,"Aspen, CO ",ASE
Kazakhstan,Astana,TSE
Paraguay,Asuncion,ASU
Egypt,Aswan,ASW
Greece,Athens,ATH
USA ,"Athens, GA ",AHN
USA ,"Atlanta, GA ",ATL
USA ,"Atlantic City, NJ ",ACY
New Zealand,Auckland,AKL
USA ,"Augusta, GA ",AGS
USA ,"Augusta, ME ",AUG
USA ,"Austin, TX ",AUS
Cook Islands,"Avarua, Rarotonga Island",RAR
Australia,"Ayers Rock, N.T.",AYQ
Philippines,Bacolod,BCD
Spain,Badajoz,BJZ
Iraq,Baghdad,SDA
Canada,"Bagotville, PQ",YBG
Canada ,"Bagotville, PQ ",YBG
Canada,"Baie-Comeau, PQ",YBC
Canada ,"Baie-Comeau, PQ ",YBC
USA ,"Bakersfield, CA ",BFL
Azerbaijan,Baku,BAK
Azerbaijan,Baku,GYD
Hungary,Balaton,SOB
Scotland,Balephuil,TRE
Indonesia,"Balikpapan, Kalimantan",BPN
Australia,"Ballina, N.S.W.",BNK
Chile,Balmaceda,BBA
USA ,"Baltimore, MD ",BWI
Vietnam,Ban Me Thuot,BMV
Brunei,Bandar Seri Begawan,BWN
India,Bangalore,BLR
China,Bangda,BPX
Thailand,Bangkok,BKK
USA ,"Bangor, ME ",BGR
Central African Republic,Bangui,BGF
Gambia,Banjul,BJL
USA ,"Bar Harbor, ME ",BHB
Spain,Barcelona,BCN
Norway,Bardufoss,BDU
Italy,Bari,BRI
Bangladesh,Barisal,BZL
Colombia,Barranquilla,BAQ
USA ,"Barrow, AK",BRW
Switzerland,Basel,BSL
St. Kitts,Basseterre,SKB
France,"Bastia, Corsica",BIA
Australia,"Bathurst, N.S.W.",BHS
USA ,"Baton Rouge, LA ",BTR
Brazil,Bauru,BAU
USA ,"Beaumont, TX ",BPT
France,Beauvais,BVA
USA ,"Beckley, WV ",BKW
USA ,"Bedford, MA ",BED
British Virgin Islands,"Beef Island, Tortola",EIS
China,Beijing,BJS
Lebanon,Beirut,BEY
Brazil,Belem,BEL
Northern Ireland,Belfast,BFS
Northern Ireland,Belfast,BHD
Serbia and Montenegro,Belgrade,BEG
Belize,Belize City,BZE
USA ,"Bellingham, WA ",BLI
Brazil,Belo Horizonte,CNF
USA ,"Bemidji, MN ",BJI
Scotland,Benbecula,BEB
Angola,Benguela,BUG
Norway,Bergen,BGO
Germany,Berlin,BER - All Airports
Germany,Berlin,SXF
Germany,Berlin,THF
Germany,Berlin,TXL
Switzerland,Berne,BRN
USA ,"Bethel, AK ",BET
USA ,"Bettles, AK ",BTT
Indonesia,"Biak, Papua",BIK
France,Biarritz,BIQ
Spain,Bilbao,BIO
USA ,"Billings, MT ",BIL
Denmark,Billund,BLL
USA ,"Binghamton, NY ",BGM
Malaysia,"Bintulu, Sarawak",BTU
England,Birmingham,BHX
USA ,"Birmingham, AL ",BHM
Kyrgyzstan,Bishkek,FRU
USA ,"Bismarck, ND ",BIS
Guinea-Bissau,Bissau,OXB
Malawi,Blantyre,BLZ
New Zealand,Blenheim,BHE
South Africa,Bloemfontein,BFN
USA ,"Bloomington, IL ",BMI
USA ,"Bloomington, IN ",BMG
USA ,"Bluefield, WV ",BLF
Norway,Bodo,BOO
Colombia,Bogota,BOG
USA ,"Boise, ID ",BOI
Italy,Bologna,BLQ
Italy,Bolzano,BZO
France,Bordeaux,BOD
Sweden,Borlange,BLE
USA ,"Boston, MA ",BOS
USA ,"Bozeman, MT ",BZN
Brazil,Brasilia,BSB
Slovakia,Bratislava,BTS
Congo,Brazzaville,BZV
Germany,Bremen,BRE
France,Brest,BES
Barbados,Bridgetown,BGI
Italy,Brindisi,BDS
Australia,"Brisbane, Qld.",BNE
England,Bristol,BRS
Australia,"Broken Hill, N.S.W.",BHQ
USA ,"Brookings, SD ",BKX
Australia,"Broome, W.A.",BME
USA ,"Brownsville, TX ",BRO
USA ,"Brunswick, GA ",BQK
Belgium,Brussels,BRU
Romania,Bucharest,OTP
Hungary,Budapest,BUD
Argentina,Buenos Aires,EZE
USA ,"Buffalo, NY ",BUF
Burundi,Bujumbura,BJM
Zimbabwe,Bulawayo,BUQ
Australia,"Bundaberg, Qld.",BDB
USA ,"Burbank, CA ",BUR
Thailand,Buri Ram,BFV
USA ,"Burlington, IA ",BRL
USA ,"Burlington, MA ",BBF
USA ,"Burlington, VT ",BTV
Republic of,"Busan, Korea",PUS
USA ,"Butte, MT ",BTM
Philippines,Butuan,BXU
Poland,Bydgoszcz,BZG
France,Caen,CFR
Philippines,Cagayan de Oro,CGY
Italy,"Cagliari, Sardinia",CAG
Australia,"Cairns, Qld.",CNS
Egypt,Cairo,CAI
India,Calcutta,CCU
Canada,"Calgary, AB",YYC
Canada ,"Calgary, AB ",YYC
Colombia,Cali,CLO
France,"Calvi, Corsica",CLY
Canada,"Campbell River, BC",YBL
Canada ,"Campbell River, BC ",YBL
Scotland,Campbeltown,CAL
Mexico,Campeche,CPE
Australia,"Canberra, A.C.T.",CBR
Mexico,Cancun,CUN
Canada ,"Cap-aux-Meules, ",YGR
Canada,"Cap-aux-Meules, Magdalens Islands, PQ",YGR
USA ,"Cape Girardeau, MO ",CGI
South Africa,Cape Town,CPT
Venezuela,Caracas,CCS
Wales,Cardiff,CWL
USA ,"Carlsbad, CA ",CLD
USA ,"Carlsbad, NM ",CNM
Colombia,Cartagena,CTG
Morocco,Casablanca,CMN
USA ,"Casper, WY ",CPR
Canada,"Castlegar, BC",YCG
Canada ,"Castlegar, BC ",YCG
St. Lucia,Castries,SLU
Italy,"Catania, Sicily",CTA
French Guiana,Cayenne,CAY
Cayman Islands,Cayman Brac,CYB
Philippines,Cebu,CEB
USA ,"Cedar Rapids, IA ",CID
Australia,"Ceduna, S.A.",CED
USA ,"Champaign, IL ",CMI
China,Changchun,CGQ
China,Changsha,CSX
Greece,"Chania, Crete",CHQ
USA ,"Charleston, SC ",CHS
USA ,"Charleston, WV ",CRW
Australia,"Charleville, Qld.",CTL
U.S. Virgin Islands,"Charlotte Amalie, St. Thomas",STT
USA ,"Charlotte, NC ",CLT
USA ,"Charlottesville, VA ",CHO
Canada,"Charlottetown, PEI",YYG
Canada ,"Charlottetown, PEI ",YYG
USA ,"Chattanooga, TN ",CHA
China,Chengdu,CTU
India,Chennai (Madras),MAA
Mexico,Chetumal,CTM
USA ,"Cheyenne, WY ",CYS
Thailand,Chiang Mai,CNX
Thailand,Chiang Rai,CEI
Canada,"Chibougamau, PQ",YMT
Canada ,"Chibougamau, PQ ",YMT
USA ,"Chicago, IL ",CHI - All 
USA ,"Chicago, IL ",MDW
USA ,"Chicago, IL ",ORD
USA ,"Chico, CA ",CIC
Mexico,Chihuahua,CUU
Greece,Chios,JKH
Moldova,Chisinau,KIV
China,Chongqing,CKG
New Zealand,Christchurch,CHC
U.S. Virgin Islands,"Christiansted, St. Croix",STX
Canada,"Churchill, MB",YYQ
Canada ,"Churchill, MB ",YYQ
USA ,"Cincinnati, OH ",CVG
Venezuela,Ciudad Bolivar,CBL
Mexico,Ciudad Del Carmen,CME
Paraguay,Ciudad del Este,AGT
Mexico,Ciudad Juarez,CJS
Mexico,Ciudad Obregon,CEN
Mexico,Ciudad Victoria,CVM
USA ,"Clarksburg, WV ",CKB
France,Clermont-Ferrand,CFE
USA ,"Cleveland, OH ",CLE
USA ,"Clovis, NM ",CVN
Bahamas,"Cockburn Town, San Salvador Island",ZSA
USA ,"Cody, WY ",COD
Australia,"Coffs Harbour, N.S.W.",CFS
Mexico,Colima,CLQ
USA ,"College Station, TX ",CLL
Germany,Cologne,CGN
Sri Lanka,Colombo,CMB
USA ,"Colorado Springs, CO ",COS
USA ,"Columbia, MO ",COU
USA ,"Columbia, SC ",CAE
USA ,"Columbus, GA ",CSG
USA ,"Columbus, IN ",CLU
USA ,"Columbus, MS ",GTR
USA ,"Columbus, NE ",OLU
USA ,"Columbus, OH ",CMH
Guinea,Conakry,CKY
Chile,Concepcion,CCP
Ireland,Connaught,NOC
Australia,"Coober Pedy, S.A.",CPD
Denmark,Copenhagen,CPH
Chile,Copiapo,CPO
Argentina,Cordoba,COR
USA ,"Cordova, AK ",CDV
Ireland,Cork,ORK
USA ,"Corpus Christi, TX ",CRP
Philippines,Cotabato,CBO
Mexico,Cozumel,CZM
Canada,"Cranbrook, BC",YXC
Canada ,"Cranbrook, BC ",YXC
Italy,Crotone,CRV
Philippines,Cubi Point Nas,NCP
Mexico,Culiacan,CUL
Brazil,Curitiba,CWB
Peru,Cusco,CUZ
Vietnam,Da Nang,DAD
Senegal,Dakar,DKR
Turkey,Dalaman,DLM
China,Dali City,DLU
China,Dalian,DLC
USA ,"Dallas, TX ",DAL
USA ,"Dallas, TX ",DFW
Syria,Damascus,DAM
Belize,Dangriga,DGA
Tanzania,Dar es Salaam,DAR
Australia,"Darwin, N.T.",DRW
Philippines,Davao,DVO
Saudi Arabia,Dawadmi,DWD
China,Dayong,DYG
USA ,"Dayton, OH ",DAY
USA ,"Daytona Beach, FL ",DAB
Bahamas,"Deadmans Cay, Long Island",LGI
Papua-New Guinea,Deboyne,DOY
USA ,"Decatur, IL ",DEC
Canada,"Deer Lake, NF",YDF
Canada ,"Deer Lake, NF ",YDF
India,Delhi,DEL
Indonesia,"Denpasar, Bali",DPS
USA ,"Denver, CO ",DEN
USA ,"Des Moines, IA ",DSM
USA ,"Detroit, MI ",DTT - All 
USA ,"Detroit, MI ",DTW
USA ,"Devils Lake, ND ",DVL
Australia,"Devonport, Tas.",DPO
Saudi Arabia,Dhahran,DHA
Bangladesh,Dhaka,DAC
USA ,"Dickinson, ND ",DIK
Vietnam,Dien-Bien-Phu,DIN
USA ,"Dillingham, AK ",DLG
Philippines,Dipolog,DPL
Djibouti,Djibouti,JIB
Ukraine,Dnepropetrovsk,DNK
USA ,"Dodge City, KS ",DDC
Qatar,Doha,DOH
England,Doncaster,DSA
Ukraine,Donetsk,DOK
Germany,Dortmund,DTM
USA ,"Dothan, AL ",DHN
Cameroon,Douala,DLA
Germany,Dresden,DRS
Canada,"Dryden, ON",YHD
Canada ,"Dryden, ON ",YHD
USA ,"Du Bois, PA ",DUJ
United Arab Emirates,Dubai,DXB
Australia,"Dubbo, N.S.W.",DBO
Ireland,Dublin,DUB
Croatia,Dubrovnik,DBV
USA ,"Dubuque, IA ",DBQ
USA ,"Duluth, MN ",DLH
Philippines,Dumaguete,DGT
New Zealand,Dunedin,DUD
Mexico,Durango,DGO
USA ,"Durango, CO ",DRO
South Africa,Durban,DUR
Tajikistan,Dushanbe,DYU
Germany,Dusseldorf,DUS
USA ,"Dutch Harbor, Un Island, AK",DUT
South Africa,East London,ELS
England,East Midlands,EMA
USA ,"Eau Claire, WI ",EAU
Scotland,Edinburgh,EDI
Canada,"Edmonton, AB",YEG
Canada ,"Edmonton, AB ",YEG
USA ,"Eek, AK ",EEK
Russia,"Ekaterinburg, Siberia",SVX
Argentina,El Calafate,FTE
USA ,"El Centro, CA ",IPL
USA ,"El Dorado, AR ",ELD
USA ,"El Paso, TX ",ELP
Chile,El Salvador,ESR
USA ,"Elko, NV ",EKO
USA ,"Elmira, NY ",ELM
Australia,"Emerald, Qld.",EMD
USA ,"Enid, OK ",WDG
Uganda,Entebbe,EBB
Germany,Erfurt,ERF
USA ,"Erie, PA ",ERI
Denmark,Esbjerg,EBJ
USA ,"Escanaba, MI ",ESC
USA ,"Eugene, OR ",EUG
USA ,"Eureka, CA",ACV
USA ,"Evansville, IN ",EVV
Norway,Evenes,EVE
USA ,"Fairbanks, AK ",FAI
USA ,"Fargo, ND ",FAR
USA ,"Farmington, NM ",FMN
Portugal,Faro,FAO
USA ,"Fayetteville, AR ",XNA
USA ,"Fayetteville, NC ",FAY
Brazil,Fernando de Noronha,FEN
France,"Figari, Corsica",FSC
USA ,"Flagstaff, AZ ",FLG
Canada,"Flin Flon, MB",YFO
Canada ,"Flin Flon, MB ",YFO
USA ,"Flint, MI ",FNT
Italy,Florence,FLR
USA ,"Florence, SC ",FLO
Guatemala,Flores,FRS
USA ,"Fort Dodge, IA ",FOD
USA ,"Fort Lauderdale, FL ",FLL
USA ,"Fort Leonard Wood, MO",TBN
Canada,"Fort McMurray, AB",YMM
Canada ,"Fort McMurray, AB ",YMM
USA ,"Fort Myers, FL ",RSW
Canada,"Fort Nelson, BC",YYE
Canada ,"Fort Nelson, BC ",YYE
Canada,"Fort Saint John, BC",YXJ
Canada ,"Fort Saint John, BC ",YXJ
USA ,"Fort Smith, AR ",FSM
Canada,"Fort Smith, NWT",YSM
Canada ,"Fort Smith, NWT",YSM
USA ,"Fort Walton Beach, FL ",VPS
USA ,"Fort Wayne, IN ",FWA
USA ,"Fort Yukon, AK ",FYU
Martinique,Fort-de-France,FDF
Germany,Frankfurt,FRA
Canada,"Fredericton, NB",YFC
Canada ,"Fredericton, NB ",YFC
Bahamas,"Freeport, Grand Bahama Island",FPO
Sierra Leone,Freetown,FNA
USA ,"Fresno, CA ",FAT
Germany,Friedrichshafen,FDH
Japan,Fukuoka,FUK
Japan,Fukushima,FKS
Madeira,Funchal,FNC
China,Fuzhou,FOC
USA ,"Gainesville, FL ",GNV
Canada,"Gander, NF",YQX
Canada ,"Gander, NF ",YQX
USA ,"Garden City, KS",GCK
Canada,"Gaspe, PQ",YGP
Canada ,"Gaspe, PQ ",YGP
Poland,Gdansk,GDN
Philippines,General Santos,GES
Switzerland,Geneva,GVA
Italy,Genoa,GOA
Bahamas,"George Town, Great Exuma Island",GGT
Guyana,Georgetown,GEO
Cayman Islands,"Georgetown, Grand Cayman Island",GCM
USA ,"Gillette, WY ",GCC
New Zealand,Gisborne,GIS
Australia,"Gladstone, Qld.",GLT
Scotland,Glasgow,GLA
Scotland,Glasgow,PIK
USA ,"Glendive, MT ",GDV
Australia,"Gold Coast, Qld.",OOL
Sweden,Gothenburg,GOT
Australia,"Gove, N.T.",GOV
Bahamas,"Governor's Harbour, Eleuthera Island",GHB
Spain,Granada,GRX
USA ,"Grand Forks, ND ",GFK
USA ,"Grand Island, NE ",GRI
USA ,"Grand Junction, CO ",GJT
USA ,"Grand Rapids, MI ",GRR
Canada,"Grande Prairie, AB",YQU
Canada ,"Grande Prairie, AB ",YQU
Austria,Graz,GRZ
USA ,"Great Bend, KS ",GBD
USA ,"Great Falls, MT ",GTF
USA ,"Green Bay, WI ",GRB
USA ,"Greenbrier, WV",LWB
USA ,"Greensboro, NC ",GSO
USA ,"Greenville, MS ",GLH
USA ,"Greenville, NC ",PGV
USA ,"Greenville, SC ",GSP
Australia,"Griffith, N.S.W.",GFF
Mexico,Guadalajara,GDL
China,Guangzhou,CAN
Guatemala,Guatemala City,GUA
Ecuador,Guayaquil,GYE
Mexico,Guaymas,GYM
Channel Islands,Guernsey,GCI
China,Guilin,KWL
USA ,"Gulfport, MS ",GPT
USA ,"Gunnison, CO ",GUC
St. Barts,Gustavia,SBH
USA ,"Hagerstown, MD ",HGR
China,"Haikou, Hainan Island",HAK
China,Hailar,HLD
Japan,Hakodate,HKD
Canada,"Halifax, NS",YHZ
Canada ,"Halifax, NS ",YHZ
Sweden,Halmstad,HAD
Germany,Hamburg,HAM
Bermuda,Hamilton,BDA
New Zealand,Hamilton,HLZ
Australia,"Hamilton Island, Whitsunday Island, Qld.",HTI
Canada,"Hamilton, ON",YHM
Canada ,"Hamilton, ON ",YHM
Norway,Hammerfest,HFT
USA ,"Hana, Maui, HI",HNM
USA ,"Hancock, MI ",CMX
Chile,"Hanga Roa, Easter Island",IPC
China,Hangzhou,HGH
Germany,Hannover,HAJ
Vietnam,Hanoi,HAN
Zimbabwe,Harare,HRE
China,Harbin,HRB
USA ,"Harlingen, TX ",HRL
USA ,"Harrisburg, PA ",MDT
USA ,"Harrison, AR ",HRO
USA ,"Hartford, CT ",BDL
Thailand,Hat Yai,HDY
Norway,Haugesund,HAU
Cuba,Havana,HAV
USA ,"Havre, MT ",HVR
USA ,"Hays, KS",HYS
China,Hefei,HFE
USA ,"Helena, MT ",HLN
Sweden,Helsingborg,AGH
Finland,Helsinki,HEL
Sweden,Hemavan,HMV
Taiwan,Hengchun,HCN
Greece,"Heraklion, Crete",HER
Mexico,Hermosillo,HMO
USA ,"Hibbing, MN ",HIB
USA ,"Hilo, Hawaii ",Big
USA ,"Hilton Head Island, SC ",HHH
Vietnam,Ho Chi Minh City (Saigon),SGN
Australia,"Hobart, Tas.",HBA
USA ,"Hobbs, NM ",HOB
Germany,Hof,HOQ
China,Hohhot,HET
New Zealand,Hokitika,HKK
USA ,"Homer, AK",HOM
China,Hong Kong,HKG
Solomon Islands,"Honiara, Guadalcanal",HIR
USA ,"Honolulu, Oahu, HI",HNL
USA ,"Hoolehua, Molokai, HI",MKK
Australia,"Horn Island, Qld.",HID
USA ,"Hot Springs, AR ",HOT
Tunisia,Houmt Souk,DJE
USA ,"Houston, TX ",EFD
USA ,"Houston, TX ",HOU
USA ,"Houston, TX ",IAH
Taiwan,Hualien,HUN
Vietnam,Hue,HUI
England,Humberside,HUY
USA ,"Huntington, WV ",HTS
USA ,"Huntsville, AL ",HSV
Egypt,Hurghada,HRG
USA ,"Huron, SD",HON
USA ,"Hyannis, MA ",HYA
India,Hyderabad,HYD
Nigeria,Ibadan,IBA
Spain,Ibiza,IBZ
USA ,"Idaho Falls, ID ",IDA
Greece,Ikaria Island,JIK
Philippines,Iloilo,ILO
USA ,"Indianapolis, IN ",IND
Austria,Innsbruck,INN
USA ,"International Falls, MN ",INL
New Zealand,Invercargill,IVC
Scotland,Inverness,INV
USA ,"Inyokern, CA ",IYK
Greece,Ioannina,IOA
Malaysia,Ipoh,IPH
Canada,"Iqaluit, Nunavut",YFB
Canada ,"Iqaluit, Nunavut ",YFB
Russia,"Irkutsk, Siberia",IKT
USA ,"Iron Mountain, MI ",IMT
USA ,"Ironwood, MI",IWD
Pakistan,Islamabad-Rawalpindi,ISB
Scotland,Islay Island,ILY
USA ,"Islip, NY ",ISP
Turkey,Istanbul,IST
Turkey,Istanbul,SAW
USA ,"Ithaca, NY ",ITH
Finland,Ivalo,IVL
Japan,Iwami,IWJ
Mexico,Ixtapa,ZIH
Turkey,Izmir,ADB
Japan,Izumo,IZO
USA ,"Jackson Hole, WY ",JAC
USA ,"Jackson, MS ",JAN
USA ,"Jackson, TN ",MKL
USA ,"Jacksonville, FL ",JAX
USA ,"Jacksonville, NC ",OAJ
Indonesia,"Jakarta, Java",CGK
Indonesia,"Jakarta, Java",JKT - All Airports
Mexico,Jalapa,JAL
USA ,"Jamestown, ND ",JMS
USA ,"Jamestown, NY ",JHW
Saudi Arabia,Jeddah,JED
Republic of,"Jeju, Korea",CJU
Spain,Jerez de La Frontera,XRY
Channel Islands,Jersey,JER
China,Jiamusi,JMU
Ethiopia,Jijiga,JIJ
Finland,Joensuu,JOE
South Africa,Johannesburg,JNB
USA ,"Johnstown, PA ",JST
Malaysia,Johor Bahru,JHB
USA ,"Jonesboro, AR ",JBR
Sweden,Jonkoping,JKG
USA ,"Joplin, MO ",JLN
USA ,"Juneau, AK ",JNU
Finland,Jyvaskyla,JYV
Afghanistan,Kabul,KBL
Japan,Kagoshima,KOJ
USA ,"Kahului, Maui, HI ",OGG
USA ,"Kailua-Kona, HI",KOA
New Zealand,Kaitaia,KAT
Finland,Kajaani,KAJ
USA ,"Kalamazoo, MI ",AZO
USA ,"Kalaupapa, Molokai, HI",LUP
Australia,"Kalgoorlie, W.A.",KGI
Philippines,Kalibo,KLO
Russia,Kaliningrad,KGD
USA ,"Kalispell, MT ",FCA
Sweden,Kalmar,KLR
Canada,"Kamloops, BC",YKA
Canada ,"Kamloops, BC ",YKA
USA ,"Kamuela, Hawaii ",KOA
USA ,"Kansas City, MO ",MCI
Taiwan,Kaohsiung,KHH
USA ,"Kapalua, Maui, HI",JHM
Pakistan,Karachi,KHI
Kazakhstan,Karaganda,KGF
Sweden,Karlstad,KSD
Australia,"Karratha, W.A.",KTA
Denmark,Karup,KRP
China,Kashi,KHG
Nepal,Kathmandu,KTM
Poland,Katowice,KTW
USA ,"Kearney, NE ",EAR
Canada,"Kelowna, BC",YLW
Canada ,"Kelowna, BC ",YLW
USA ,"Kenai, AK ",ENA
Canada,"Kenora, ON",YQK
Canada ,"Kenora, ON ",YQK
New Zealand,Kerikeri,KKE
USA ,"Ketchikan, AK ",KTN
USA ,"Key West, FL ",EYW
Ukraine,Kharkov,HRK
Sudan,Khartoum,KRT
Thailand,Khon Kaen,KKC
Germany,Kiel,KEL
Ukraine,Kiev,KBP
Rwanda,Kigali,KGL
USA ,"Killeen, TX ",GRK
USA ,"King Salmon, AK",AKN
USA ,"Kingman, AZ ",IGM
Australia,"Kingscote, Kangaroo Island, S.A.",KGC
Jamaica,Kingston,KIN
Jamaica,Kingston,KTP
Canada,"Kingston, ON",YGK
Canada ,"Kingston, ON ",YGK
St. Vincent,Kingstown,SVD
Zaire,Kinshasa,FIH
USA ,"Kirksville, MO ",IRK
Scotland,"Kirkwall, Orkney Islands",KOI
Sweden,Kiruna,KRN
Zaire,Kisangani,FKI
Finland,Kittila,KTT
Austria,Klagenfurt,KLU
USA ,"Klamath Falls, OR ",LMT
USA ,"Knoxville, TN ",TYS
USA ,"Kodiak, AK ",ADQ
Thailand,Koh Samui,USM
Finland,Kokkola,KOK
Japan,Komatsu,KMQ
Palau,Koror,ROR
Greece,Kos,KGS
Micronesia,Kosrae,KSA
Malaysia,Kota Bharu,KBR
Malaysia,"Kota Kinabalu, Sabah",BKI
Thailand,Krabi,KBV
Poland,Krakow,KRK
Bonaire,Kralendijk,BON
Sweden,Kramfors,KRF
Norway,Kristiansand,KRS
Sweden,Kristianstad,KID
Malaysia,Kuala Lumpur,KUL
Malaysia,Kuala Terengganu,TGG
Malaysia,Kuantan,KUA
Malaysia,"Kuching, Sarawak",KCH
Japan,Kumamoto,KMJ
China,Kunming,KMG
Finland,Kuopio,KUO
Japan,Kushiro,KUH
Kuwait,Kuwait,KWI
Kazakhstan,Kzyl Orda,KZO
Spain,La Coruna,LCG
USA ,"La Crosse, WI ",LSE
Mexico,La Paz,LAP
Bolivia,La Paz,LPB
Dominican Republic,La Romana,LRM
Chile,La Serena,LSC
USA ,"Lafayette, LA ",LFT
Nigeria,Lagos,LOS
Malaysia,"Lahad Datu, Sabah",LDU
Pakistan,Lahore,LHE
USA ,"Lake Charles, LA ",LCH
USA ,"Lake Havasu City, AZ ",HII
Italy,Lamezia Terme,SUF
USA ,"Lanai City, Lanai, HI",LNY
USA ,"Lancaster, PA ",LNS
Malaysia,Langkawi,LGK
France,Lannion,LAI
USA ,"Lansing, MI ",LAN
China,Lanzhou,LHW
USA ,"Laramie, WY ",LAR
USA ,"Laredo, TX ",LRD
Cyprus,Larnaca,LCA
USA ,"Las Cruces, NM ",LRU
Canary Islands,"Las Palmas, Grand Canary Island",LPA
USA ,"Las Vegas, NV ",LAS
USA ,"Latrobe, PA ",LBE
Australia,"Launceston, Tas.",LST
USA ,"Laurel, MS ",PIB
USA ,"Lawton, OK ",LAW
Mexico,Lazaro Cardenas,LZC
France,Le Havre,LEH
USA ,"Lebanon, NH ",LEB
England,Leeds,LBA
Philippines,Legaspi,LGP
Germany,Leipzig,LEJ
Mexico,Leon,BJX
Spain,Leon,LEN
Scotland,"Lerwick, Shetland Islands",LSI
Canada,"Lethbridge, AB",YQL
Canada ,"Lethbridge, AB ",YQL
USA ,"Lewiston, ID ",LWS
USA ,"Lewiston, ME ",LEW
USA ,"Lewistown, MT ",LWT
USA ,"Lexington, KY ",LEX
China,"Lhasa, Tibet",LXA
USA ,"Liberal, KS",LBL
Costa Rica,Liberia,LIR
Gabon,Libreville,LBV
USA ,"Lihue, Kauai, HI",LIH
China,Lijiang City,LJG
France,Lille,LIL
Malawi,Lilongwe,LLW
Peru,Lima,LIM
France,Limoges,LIG
China,Lincang,LNJ
USA ,"Lincoln, NE ",LNK
Sweden,Linkoping,LPI
Austria,Linz,LNZ
Portugal,Lisbon,LIS
USA ,"Little Rock, AR ",LIT
England,Liverpool,LPL
Slovenia,Ljubljana,LJU
Spain,Logrono,RJL
Togo,Lome,LFW
England,London,LCY
England,London,LGW
England,London,LHR
England,London,LON - All Airports
England,London,STN
Canada,"London, ON",YXU
Canada ,"London, ON ",YXU
Northern Ireland,Londonderry,LDY
Malaysia,Long Banga,LBP
USA ,"Long Beach, CA ",LGB
Australia,"Longreach, Qld.",LRE
USA ,"Longview, TX ",GGG
Norway,"Longyearbyen, Svalbard",LYR
Mexico,Loreto,LTO
France,Lorient,LRT
USA ,"Los Angeles, CA ",LAX
USA ,"Los Angeles, CA ",QLA-All
Mexico,Los Cabos,SJD
USA ,"Louisville, KY, USA ",SDF
France,Lourdes,LDE
Angola,Luanda,LAD
USA ,"Lubbock, TX ",LBB
Zaire,Lubumbashi,FBM
Switzerland,Lugano,LUG
Ukraine,Lugansk,VSG
Nepal,Lukla,LUA
Sweden,Lulea,LLA
Zambia,Lusaka,LUN
England,Luton,LTN
Luxembourg,Luxembourg,LUX
Egypt,Luxor,LXR
Sweden,Lycksele,LYC
USA ,"Lynchburg, VA ",LYH
France,Lyon,LYS
Australia,"Mackay, Qld.",MKY
USA ,"Macon, GA ",MCN
USA ,"Madison, WI ",MSN
Spain,Madrid,MAD
Thailand,Mae Hong Son,HGN
,"Magdalens Islands, PQ",
Mauritius,Mahebourg,MRU
Marshall Islands,Majuro,MAJ
South Africa,Mala Mala,AAM
Equatorial Guinea,"Malabo, Bioko Island",SSG
Spain,Malaga,AGP
Maldives,Male,MLE
Sweden,Malmo,MMA - All Airports
Sweden,Malmo,MMX
Nicaragua,Managua,MGA
Bahrain,Manama,BAH
Brazil,Manaus,MAO
England,Manchester,MAN
USA ,"Manchester, NH ",MHT
Bahamas,"Mangrove Cay, Andros Island",MAY
USA ,"Manhattan, KS ",MHK
Philippines,Manila,MNL
USA ,"Manistee, MI ",MBL
Mexico,Manzanillo,ZLO
Swaziland,Manzini,MTS
Spain,"Mao, Minorca",MAH
Mozambique,Maputo,MPM
Venezuela,Maracaibo,MAR
Finland,"Mariehamn, Aland",MHQ
Brazil,Marilia,MII
USA ,"Marion, IL ",MWA
Ukraine,Mariupol,MPW
Australia,"Maroochydore, Qld.",MCY
USA ,"Marquette, MI ",MQT
Morocco,Marrakech,RAK
Morocco,Marrakech,RAK
France,Marseille,MRS
Bahamas,"Marsh Harbour, Abaco Island",MHH
USA ,"Martha's Vineyard, MA ",MVY
Lesotho,Maseru,MSU
USA ,"Mason City, IA ",MCW
USA ,"Massena, NY ",MSS
Taiwan,Matsu,MFK
Japan,Matsuyama,MYJ
Mexico,Mazatlan,MZT
USA ,"McAllen, TX ",MFE
USA ,"McCook, NE ",MCK
Indonesia,"Medan, Sumatra",MES
Colombia,Medellin,MDE
USA ,"Medford, OR ",MFR
Canada,"Medicine Hat, AB",YXH
Canada ,"Medicine Hat, AB ",YXH
USA ,"Melbourne, FL ",MLB
Australia,"Melbourne, Vic.",AVV
Australia,"Melbourne, Vic.",MEL
Spain,Melilla,MLN
Japan,Memanbetsu,MMB
USA ,"Memphis, TN ",MEM
Argentina,Mendoza,MDZ
Mexico,Merida,MID
USA ,"Meridian, MS ",MEI
Australia,"Merimbula, N.S.W.",MIM
France,Metz,ETZ
Mexico,Mexicali,MXL
Mexico,Mexico City,MEX
USA ,"Miami, FL ",MIA
China,Mian Yang,MIG
USA ,"Midland, TX ",MAF
Greece,Mikonos,JMK
Italy,Milan,LIN
Italy,Milan,MIL - All
Italy,Milan,MXP
Australia,"Mildura, Vic.",MQL
USA ,"Miles City, MT",MLS
USA ,"Milwaukee, WI ",MKE
USA ,"Minneapolis, MN ",MSP
USA ,"Minot, ND ",MOT
Belarus,Minsk,MHP
Belarus,Minsk,MSQ
Malaysia,"Miri, Sarawak",MYY
Japan,Misawa,MSJ
USA ,"Missoula, MT ",MSO
Japan,Miyazaki,KMI
USA ,"Mobile, AL ",MOB
USA ,"Modesto, CA ",MOD
Somalia,Mogadishu,MGQ
USA ,"Moline, IL ",MLI
Kenya,Mombasa,MBA
Tunisia,Monastir,MIR
Mexico,Monclova,LOV
Canada,"Moncton, NB",YQM
Canada ,"Moncton, NB ",YQM
USA ,"Monroe, LA ",MLU
Liberia,Monrovia,ROB
Canada,"Mont-Joli, PQ",YYY
Canada ,"Mont-Joli, PQ ",YYY
Jamaica,Montego Bay,MBJ
USA ,"Monterey, CA ",MRY
Mexico,Monterrey,MTY
Uruguay,Montevideo,MVD
USA ,"Montgomery, AL ",MGM
France,Montpellier,MPL
Canada,"Montreal, PQ",YMQ-All
Canada,"Montreal, PQ",YUL
Canada ,"Montreal, PQ ",YMQ All 
Canada ,"Montreal, PQ ",YUL
USA ,"Montrose, CO ",MTJ
Sweden,Mora,MXX
Australia,"Moree, N.S.W.",MRZ
Mexico,Morelia,MLM
USA ,"Morgantown, WV ",MGW
Comoro Islands,Moroni,HAH
Australia,"Moruya, N.S.W.",MYA
Russia,Moscow,MOW All
Russia,Moscow,SVO
Russia,Moscow,VKO
USA ,"Moses Lake, WA",MWH
Australia,"Mount Gambier, S.A.",MGB
Australia,"Mount Isa, Qld.",ISA
China,Mudanjiang,MDG
France,Mulhouse,EAP - All
France,Mulhouse,MLH
Malaysia,Mulu,MZV
India,Mumbai (Bombay),BOM
Germany,Munich,MUC
Germany,Munster,FMO
Spain,Murcia,MJV
Russia,Murmansk,MMK
Oman,Muscat,MCT
USA ,"Muscle Shoals, AL",MSL
USA ,"Muskegon, MI ",MKG
USA ,"Myrtle Beach, SC ",MYR
Greece,"Mytilene, Lesbos Island",MJT
Chad,N'Djamena,NDJ
Fiji,Nadi,NAN
Morocco,Nador,NDR
Japan,Nagasaki,NGS
Japan,Nagoya,NGO
Japan,Nagoya,NKM
Japan,"Naha, Okinawa",OKA
Kenya,Nairobi,NBO
Thailand,Nakhon Si Thammarat,NST
Canada,"Nanaimo, BC",YCD
Canada ,"Nanaimo, BC ",YCD
China,Nanchang,KHN
Taiwan,Nangen,LZN
China,Nanjing,NKG
Japan,Nanki Shirahama,SHM
China,Nanning,NNG
France,Nantes,NTE
USA ,"Nantucket, MA ",ACK
New Zealand,Napier,NPE
Italy,Naples,NAP
USA ,"Naples, FL ",APF
Australia,"Narrabri, N.S.W.",NAA
Australia,"Narrandera, N.S.W.",NRA
Norway,Narvik,NVK
Russia,Naryan Mar,NNM
USA ,"Nashville, TN ",BNA
Bahamas,Nassau,NAS
Bahamas,Nassau,PID
Japan,"Naze, Amami-O Island",ASJ
New Zealand,Nelson,NSN
South Africa,Nelspruit,MQP
USA ,"New Bern, NC ",EWN
USA ,"New Haven, CT ",HVN
USA ,"New Orleans, LA ",MSY
USA ,"New York, NY ",JFK
USA ,"New York, NY ",LGA
USA ,"New York, NY ",NYC -All
USA ,"Newark, NJ ",EWR
USA ,"Newburgh, NY ",SWF
England,Newcastle,NCL
Australia,"Newcastle, N.S.W.",NTL
Australia,"Newman, W.A.",ZNE
USA ,"Newport News, VA ",PHF
Niger,Niamey,NIM
France,Nice,NCE
Japan,Niigata,KIJ
China,Ningbo,NGB
Russia,Nizhniy Novgorod,GOJ
USA ,"Nome, AK ",OME
USA ,"Norfolk, VA ",ORF
Sweden,Norrkoping,NRK
Canada,"North Bay, ON",YYB
Canada ,"North Bay, ON ",YYB
USA ,"North Bend, OR ",OTH
Bahamas,North Eleuthera,ELH
USA ,"North Platte, NE ",LBF
England,Norwich,NWI
Mauritania,Nouakchott,NKC
New Caledonia,Noumea,GEA
New Caledonia,Noumea,NOU
Russia,"Novosibirsk, Siberia",OVB
Mexico,Nuevo Laredo,NLD
Germany,Nuremberg,NUE
USA ,"Oakland, CA ",OAK
Mexico,Oaxaca,OAX
Japan,Obihiro,OBO
Jamaica,Ocho Rios,OCJ
Japan,Odate Noshiro,ONJ
Ukraine,Odessa,ODS
USA ,"Ogdensburg, NY ",OGS
Japan,Oita,OIT
USA ,"Oklahoma City, OK ",OKC
Italy,"Olbia, Sardinia",OLB
Australia,"Olympic Dam, S.A.",OLP
USA ,"Omaha, NE ",OMA
Russia,"Omsk, Siberia",OMS
USA ,"Ontario, CA ",ONT
USA ,"Orange County, CA ",SNA
Australia,"Orange, N.S.W.",OAG
Aruba,Oranjestad,AUA
St. Eustatius,Oranjestad,EUX
Sweden,Orebro,ORB
USA ,"Orlando, FL ",MCO
Sweden,Ornskoldsvik,OER
Japan,Osaka,ITM
Japan,Osaka,KIX
Japan,Osaka,OSA - All Airports
USA ,"Oshkosh, WI ",OSH
Norway,Oslo,OSL
Chile,Osorno,ZOS
Sweden,Ostersund,OSD
Czech Republic,Ostrava,OSR
Canada,"Ottawa, ON",YOW
Canada ,"Ottawa, ON ",YOW
Burkina Faso,Ouagadougou,OUA
Finland,Oulu,OUL
USA ,"Owensboro, KY ",OWB
USA ,"Oxnard, CA ",OXR
Germany,Paderborn,PAD
USA ,"Paducah, KY ",PAH
USA ,"Page, AZ",PGA
American Samoa,"Pago Pago, Tutuila",PPG
Sweden,Pajala,PJA
Indonesia,"Palembang, Sumatra",PLM
Italy,"Palermo, Sicily",PMO
USA ,"Palm Springs, CA ",PSP
Spain,"Palma, Mallorca",PMI
Brazil,Palmas,PMW
New Zealand,Palmerston North,PMR
Spain,Pamplona,PNA
Panama,Panama City,PTY
USA ,"Panama City, FL ",PFN
French Polynesia,"Papeete, Tahiti",PPT
Cyprus,Paphos,PFO
Australia,"Paraburdoo, W.A.",PBO
Suriname,Paramaribo,PBM
France,Paris,CDG
France,Paris,ORY
France,Paris,PAR -All
USA ,"Parkersburg, WV ",PKB
Australia,"Parkes, N.S.W.",PKE
USA ,"Pasco, WA ",PSC
France,Pau,PUF
USA ,"Pellston, MI ",PLN
Malaysia,"Penang, Penang Island",PEN
USA ,"Pendleton, OR ",PDT
USA ,"Pensacola, FL ",PNS
Canada,"Penticton, BC",YYF
Canada ,"Penticton, BC ",YYF
USA ,"Peoria, IL ",PIA
France,Perpignan,PGF
Australia,"Perth, W.A.",PER
Italy,Perugia,PEG
Pakistan,Peshawar,PEW
Russia,"Petropavlovsk-Kamchatsky, Siberia",PKC
USA ,"Philadelphia, PA ",PHL
St. Maarten,Philipsburg,SXM
Thailand,Phitsanulok,PHS
Cambodia,Phnom Penh,PNH
USA ,"Phoenix, AZ ",PHX
Thailand,Phuket,HKT
Mexico,Piedras Negras,PDS
USA ,"Pierre, SD ",PIR
USA ,"Pinehurst, NC ",SOP
Italy,Pisa,PSA
USA ,"Pittsburgh, PA ",PIT
Belize,Placencia,PLJ
USA ,"Plattsburgh, NY ",PLB
Vietnam,Pleiku,PXU
USA ,"Pocatello, ID ",PIH
Micronesia,Pohnpei,PNI
Guadeloupe,"Pointe-A-Pitre, Grande-Terre",PTP
USA ,"Ponca City, OK ",PNC
Azores,"Ponta Delgada, Sao Miguel Island",PDL
Canada,"Port Hardy, BC",YZT
Canada ,"Port Hardy, BC",YZT
Australia,"Port Hedland, W.A.",PHE
Australia,"Port Lincoln, S.A.",PLO
Australia,"Port Macquarie, N.S.W.",PQQ
Papua-New Guinea,Port Moresby,POM
Trinidad and Tobago,Port of Spain,POS
Vanuatu,"Port Vila, Efate Island",VLI
Haiti,Port-au-Prince,PAP
USA ,"Portland, ME ",PWM
USA ,"Portland, OR ",PDX
Australia,"Portland, Vic.",PTJ
Portugal,Porto,OPO
Brazil,Porto Alegre,POA
Madeira,Porto Santo,PXO
USA ,"Portsmouth, NH ",PSM
Canada,"Powell River, BC",YPW
Canada ,"Powell River, BC ",YPW
Poland,Poznan,POZ
Czech Republic,Prague,PRG
USA ,"Prescott, AZ ",PRC
USA ,"Presque Isle, ME ",PQI
Canada,"Prince George, BC",YXS
Canada ,"Prince George, BC ",YXS
Canada,"Prince Rupert, BC",YPR
Canada ,"Prince Rupert, BC ",YPR
Australia,"Proserpine, Qld.",PPP
USA ,"Providence, RI ",PVD
Turks and Caicos Islands,Providenciales Island,PLS
USA ,"Provincetown, MA ",PVC
Chile,Pucon,ZPC
Mexico,Puebla,PBC
USA ,"Pueblo, CO ",PUB
Canary Islands,"Puerto del Rosario, Fuerteventura Island",FUE
Mexico,Puerto Escondido,PXM
Chile,Puerto Montt,PMC
Dominican Republic,Puerto Plata,POP
Philippines,Puerto Princesa,PPS
Mexico,Puerto Vallarta,PVR
USA ,"Pullman, WA ",PUW
Chile,"Punta Arenas, Tierra del Fuego",PUQ
Dominican Republic,Punta Cana,PUJ
Belize,Punta Gorda,PND
India,Puttaparthi,PUT
North Korea,Pyongyang,FNJ
China,Qingdao,TAO
Canada,"Quebec, PQ",YQB
Canada ,"Quebec, PQ ",YQB
New Zealand,Queenstown,ZQN
Mexico,Queretaro,QRO
Canada,"Quesnel, BC",YQZ
Canada ,"Quesnel, BC ",YQZ
France,Quimper,UIP
USA ,"Quincy, IL ",UIN
Ecuador,Quito,UIO
Vietnam,Rach Gia,VKG
USA ,"Raleigh, NC ",RDU
Myanmar (Burma),Rangoon,RGN
Canada,"Rankin Inlet, NWT",YRT
Canada ,"Rankin Inlet, NWT",YRT
Thailand,Ranong,UNN
USA ,"Rapid City, SD ",RAP
Brazil,Recife,REC
Canada,"Red Lake, ON",YRL
Canada ,"Red Lake, ON ",YRL
USA ,"Redding, CA ",RDD
USA ,"Redmond, OR ",RDM
Italy,Reggio di Calabria,REG
Canada,"Regina, SK",YQR
Canada ,"Regina, SK ",YQR
France,Rennes,RNS
USA ,"Reno, NV ",RNO
Iceland,Reykjavik,KEF
Iceland,Reykjavik,REK - All Airports
Iceland,Reykjavik,RKV
Mexico,Reynosa,REX
USA ,"Rhinelander, WI",RHI
Greece,Rhodes,RHO
USA ,"Richmond, VA ",RIC
Latvia,Riga,RIX
Italy,Rimini,RMI
Brazil,Rio de Janeiro,GIG
Brazil,Rio de Janeiro,RIO - All Airports
Brazil,Rio de Janeiro,SDU
USA ,"Riverton, WY ",RIW
Saudi Arabia,Riyadh,RUH
USA ,"Roanoke, VA ",ROA
Canada,"Roberval, PQ",YRJ
Canada ,"Roberval, PQ ",YRJ
USA ,"Rochester, MN ",RST
USA ,"Rochester, NY ",ROC
Bahamas,Rock Sound,RSD
USA ,"Rock Springs, WY ",RKS
USA ,"Rockford, IL ",RFD
Australia,"Rockhampton, Qld.",ROK
USA ,"Rockland, ME ",RKD
France,Rodez,RDZ
Australia,"Roma, Qld.",RMA
Italy,Rome,CIA
Italy (FCO-Leonardo Da Vinci,Rome,FCO
Italy,Rome,ROM-All
Denmark,Ronne,RNN
Sweden,Ronneby,RNB
Dominica,Roseau,DOM
Russia,Rostov,ROV
USA ,"Roswell, NM ",ROW
New Zealand,Rotorua,ROT
Netherlands,Rotterdam,RTM
France,Rouen,URO
Canada,"Rouyn-Noranda, PQ",YUY
Canada ,"Rouyn-Noranda, PQ ",YUY
Finland,Rovaniemi,RVN
Philippines,Roxas City,RXS
USA ,"Rutland, VT ",RUT
Poland,Rzeszow,RZE
Saba,Saba Island,SAB
USA ,"Sacramento, CA ",SMF
Japan,Saga,HSG
USA ,"Saginaw, MI ",MBS
Canada,"Saint John, NB",YSJ
Canada ,"Saint John, NB ",YSJ
Reunion,Saint-Denis,RUN
Reunion,Saint-Pierre,ZSE
Northern Mariana Islands,Saipan,SPN
USA ,"Salina, KS ",SLN
USA ,"Salisbury, MD ",SBY
USA ,"Salt Lake City, UT ",SLC
Mexico,Saltillo,SLW
Brazil,Salvador,SSA
Austria,Salzburg,SZG
Turkey,Samsun,SZF
Colombia,San Andres,ADZ
Bahamas,San Andros,SAQ
USA ,"San Angelo, TX ",SJT
USA ,"San Antonio, TX ",SAT
Argentina,San Carlos de Bariloche,BRC
USA ,"San Diego, CA ",SAN
USA ,"San Francisco, CA ",QSF -All
USA ,"San Francisco, CA ",SFO
Costa Rica,San Jose,SJO
USA ,"San Jose, CA ",SJC
Puerto Rico,San Juan,SJU
USA ,"San Luis Obispo, CA ",SBP
Mexico,San Luis Potosi,SLP
El Salvador,San Salvador,SAL
Spain,San Sebastian,EAS
Yemen,Sanaa,SAH
USA ,"Sand Point, AK ",SDP
Malaysia,"Sandakan, Sabah",SDK
Norway,Sandefjord,TRF
Canada,"Sandspit, Queen Charlotte Islands, BC",YZP
Canada ,"Sandspit, Queen Charlotte Islands, BC",YZP
USA ,"Santa Barbara, CA ",SBA
Spain,Santa Cruz,SPC
Canary Islands,Santa Cruz de Tenerife,TFN
USA ,"Santa Fe, NM ",SAF
USA ,"Santa Maria, CA ",SMX
Cape Verde,"Santa Maria, Sal Island",SID
Argentina,Santa Rosa,RSA
USA ,"Santa Rosa, CA ",STS
Spain,Santander,SDR
Chile,Santiago,SCL
Dominican Republic,Santiago,STI
Dominican Republic,Santo Domingo,SDQ
China,Sanya,SYX
Brazil,Sao Jose So Rio Preto,SJP
Brazil,Sao Paulo,CGH
Brazil,Sao Paulo,GRU
Brazil,Sao Paulo,SAO - All Airports
Japan,Sapporo,CTS
Japan,Sapporo,OKD
Bosnia and Herzegovina,Sarajevo,SJJ
USA ,"Saranac Lake, NY ",SLK
USA ,"Sarasota, FL ",SRQ
Canada,"Sarnia, ON",YZR
Canada ,"Sarnia, ON ",YZR
Canada,"Saskatoon, SK",YXE
Canada ,"Saskatoon, SK ",YXE
USA ,"Sault Ste. Marie, MI",CIU
Canada,"Sault Ste. Marie, ON",YAM
Canada ,"Sault Ste. Marie, ON",YAM
USA ,"Savannah, GA ",SAV
USA ,"Scottsbluff, NE ",BFF
USA ,"Seattle, WA ",SEA
Kazakhstan,Semipalatinsk,PLX
Republic of,"Seoul, Korea",GMP
Republic of,"Seoul, Korea",ICN
Canada,"Sept-Iles, PQ",YZV
Canada ,"Sept-Iles, PQ",YZV
Spain,Seville,SVQ
China,Shanghai,PVG
China,Shanghai,SHA
Ireland,Shannon,SNN
China,Shantou,SWA
United Arab Emirates,Sharjah,SHJ
Egypt,Sharm El Sheikh,SSH
USA ,"Shenandoah Valley Airport, VA ",SHD
China,Shenyang,SHE
China,Shenzhen,SZX
USA ,"Sheridan, WY ",SHR
China,Shijiazhuang,SJW
USA ,"Shreveport, LA ",SHV
Malaysia,"Sibu, Sarawak",SBW
USA ,"Sidney, MT ",SDY
USA ,"Silver City, NM ",SVC
Singapore,Singapore,SIN
USA ,"Sioux City, IA ",SUX
USA ,"Sioux Falls, SD ",FSD
Canada,"Sioux Lookout, ON",YXL
Canada ,"Sioux Lookout, ON",YXL
USA ,"Sitka, AK ",SIT
USA ,"Skagway, AK ",SGY
Sweden,Skelleftea,SFT
Macedonia,Skopje,SKP
Canada,"Smithers, BC",YYD
Canada ,"Smithers, BC",YYD
Bulgaria,Sofia,SOF
Denmark,Sonderborg,SGD
China,Songpan Jiuzhai Huanglong,JZH
Bahamas,South Andros,TZN
USA ,"South Bend, IN ",SBN
England,Southampton,SOU
Croatia,Split,SPU
USA ,"Spokane, WA ",GEG
USA ,"Springfield, IL ",SPI
USA ,"Springfield, MA ",CEF
USA ,"Springfield, MO ",SGF
USA ,"Springfield, VT ",VSF
USA ,"St. Cloud, MN ",STC
USA ,"St. George, UT ",SGU
Grenada,St. George's,GND
Antigua,St. John's,ANU
Canada,"St. John's, NF",YYT
Canada ,"St. John's, NF ",YYT
USA ,"St. Louis, MO ",STL
Russia,St. Petersburg,LED
USA ,"St. Petersburg, FL ",PIE
USA ,"State College, PA ",SCE
Norway,Stavanger,SVG
USA ,"Steamboat Springs, CO ",SBS
Bahamas,"Stella Maris, Long Island",SML
Sweden,Stockholm,ARN
Sweden,Stockholm,BMA
Sweden,Stockholm,STO-All
Scotland,"Stornoway, Isle of Lewis",SYY
Sweden,Storuman,SQO
France,Strasbourg,SXB
Germany,Stuttgart,STR
Philippines,Subic Bay,SFS
Canada,"Sudbury, ON",YSB
Canada ,"Sudbury, ON ",YSB
Thailand,Sukhothai,THS
USA ,"Sun Valley, ID ",SUN
Sweden,Sundsvall,SDL
Indonesia,"Surabaya, Java",SUB
Thailand,Surat Thani,URT
Fiji,Suva,SUV
Canada,"Sydney, Cape Breton Island, NS",YQY
Canada ,"Sydney, Cape Breton Island, NS",YQY
Australia,"Sydney, N.S.W.",SYD
USA ,"Syracuse, NY ",SYR
Poland,Szczecin,SZZ
Egypt,Taba,TCP
Iran,Tabriz,TBZ
Philippines,Tacloban,TAC
South Korea,Taegu,TAE
Philippines,Tagbilaran,TAG
Taiwan,Taichung,RMQ
Taiwan,Taipei,TPE
Taiwan,Taipei,TSA
China,Taiyuan,TYN
Japan,Takamatsu,TAK
USA ,"Tallahassee, FL ",TLH
Estonia,Tallinn,TLL
USA ,"Tampa, FL ",TPA
Finland,Tampere,TMP
Mexico,Tampico,TAM
Australia,"Tamworth, N.S.W.",TMW
Morocco,Tangier,TNG
Mexico,Tapachula,TAP
Uzbekistan,Tashkent,TAS
New Zealand,Taupo,TUO
New Zealand,Tauranga,TRG
Malaysia,"Tawau, Sabah",TWU
Georgia,Tbilisi,TBS
England,Teesside,MME
Honduras,Tegucigalpa,TGU
Iran,Tehran,THR
Israel,Tel Aviv,TLV
USA ,"Telluride, CO",TEX
Chile,Temuco,ZCO
Canary Islands,Tenerife Island,TCI - All Airports
Canary Islands,Tenerife Island,TFS
Canary Islands,Tenerife Island,TVI - All Airports
Mexico,Tepic,TPQ
Uzbekistan,Termez,TMJ
Canada,"Terrace, BC",YXT
Canada ,"Terrace, BC",YXT
USA ,"Texarkana, AR ",TXK
Anguilla,The Valley,AXA
Greece,Thessaloniki,SKG
USA ,"Thief River Falls, MN ",TVF
Greece,"Thira, Santorini Island",JTR
Canada,"Thompson, MB",YTH
Canada ,"Thompson, MB ",YTH
Canada,"Thunder Bay, ON",YQT
Canada ,"Thunder Bay, ON ",YQT
China,Tianjin,TSN
Mexico,Tijuana,TIJ
New Zealand,Timaru,TIU
Canada,"Timmins, ON",YTS
Canada ,"Timmins, ON ",YTS
Albania,Tirana,TIA
Trinidad and Tobago,Tobago,TAB
USA ,"Toksook Bay, AK ",OOK
Japan,Tokyo,HND
Japan,Tokyo,NRT
Japan,Tokyo,TYO - All Airports
USA ,"Toledo, OH ",TOL
Mexico,Toluca,TLC
China,Tongren,TEN
USA ,"Topeka, KS ",TOP
Canada,"Toronto, ON",YTO - All Airports
Canada,"Toronto, ON",YTZ
Canada,"Toronto, ON",YYZ
Canada ,"Toronto, ON ",YTO -All 
Canada ,"Toronto, ON ",YTZ
Canada ,"Toronto, ON ",YYZ
Mexico,Torreon,TRC
France,Toulon,TLN
France,Toulouse,TLS
Australia,"Townsville, Qld.",TSV
Thailand,Trang,TST
Thailand,Trat,TDX
USA ,"Traverse City, MI ",TVC
Bahamas,"Treasure Cay, Abaco Island",TCB
USA ,"Trenton, NJ ",TTN
USA ,"Tri-City Airport, TN ",TRI
Italy,Trieste,TRS
Libya,Tripoli,TIP
Norway,Tromso,TOS
Norway,Trondheim,TRD
Micronesia,Truk,TKK
USA ,"Tucson, AZ ",TUS
USA ,"Tulsa, OK ",TUL
Tunisia,Tunis,TUN
USA ,"Tupelo, MS ",TUP
Italy,Turin,TRN
Finland,Turku,TKU
Mexico,Tuxtla Gutierrez,TGZ
USA ,"Twin Falls, ID ",TWF
USA ,"Tyler, TX ",TYR
Thailand,Ubon Ratchathani,UBP
Thailand,Udon Thani,UTH
Indonesia,"Ujung Pandang, Sulawesi",UPG
Mongolia,Ulan Bator,ULN
Sweden,Umea,UME
Brazil,Una,UNA
USA ,"Unalakleet, AK ",UNK
China,"Urumqi, Sinkiang",URC
Argentina,"Ushuaia, Tierra del Fuego",USH
Kazakhstan,Ust Kamenogorsk,UKK
Thailand,Utapao,UTP
Finland,Vaasa,VAA
USA ,"Vail, CO ",EGE
Canada,"Val-d'Or, PQ",YVO
Canada ,"Val-d'Or, PQ",YVO
USA ,"Valdez, AK ",VDZ
Chile,Valdivia,ZAL
USA ,"Valdosta, GA ",VLD
Spain,Valencia,VLC
Spain,Valladolid,VLL
Malta,Valletta,MLA
Canada,"Vancouver, BC",YVR
Canada ,"Vancouver, BC ",YVR
India,Varanasi,VNS
Bulgaria,Varna,VAR
Sweden,Vasteras,VST
Sweden,Vaxjo,VXO
Italy,Venice,VCE
Mexico,Veracruz,VER
Italy,Verona,VRN
Canada,"Victoria, BC",YYJ
Canada ,"Victoria, BC ",YYJ
Seychelles,"Victoria, Mahe Island",SEZ
USA ,"Victoria, TX ",VCT
Austria,Vienna,VIE
Laos,Vientiane,VTE
Puerto Rico,Vieques,VQS
St. Lucia,Vieux Fort,UVF
Spain,Vigo,VGO
Sweden,Vilhelmina,VHM
Mexico,Villahermosa,VSA
Lithuania,Vilnius,VNO
Vietnam,Vinh City,VII
USA ,"Visalia, CA ",VIS
Sweden,Visby,VBY
Spain,Vitoria,VIT
Russia,"Vladivostok, Siberia",VVO
Russia,Volgograd,VOG
Canada,"Wabush, Labrador, NF",YWK
Canada ,"Wabush, Labrador, NF ",YWK
USA ,"Waco, TX ",ACT
Australia,"Wagga-Wagga, N.S.W.",WGA
Japan,Wajima,NTQ
USA ,"Walla Walla, WA ",ALW
New Zealand,Wanganui,WAG
Nigeria,Warri,QRW
Poland,Warsaw,WAW
USA ,Washington DC ,DCA
USA ,Washington DC ,IAD
USA ,Washington DC ,WAS - All Airports 
USA ,"Waterloo, IA ",ALO
USA ,"Watertown, NY ",ART
USA ,"Watertown, SD ",ATY
USA ,"Wausau, WI ",CWA
Australia,"Weipa, Qld.",WEI
New Zealand,Wellington,WLG
USA ,"Wenatchee, WA ",EAT
USA ,"West Palm Beach, FL ",PBI
USA ,"West Yellowstone, MT",WYS
New Zealand,Westport,WSZ
New Zealand,Whakatane,WHK
New Zealand,Whangarei,WRE
USA ,"White Plains, NY ",HPN
Canada,"Whitehorse, YT",YXY
Canada ,"Whitehorse, YT ",YXY
Australia,"Whyalla, S.A.",WYA
USA ,"Wichita Falls, TX ",SPS
USA ,"Wichita, KS ",ICT
Scotland,Wick,WIC
USA ,"Wilkes-Barre, PA ",AVP
Curacao,Willemstad,CUR
Canada,"Williams Lake, BC",YWL
Canada ,"Williams Lake, BC",YWL
USA ,"Williamsport, PA ",IPT
USA ,"Williston, ND ",ISN
USA ,"Wilmington, DE ",ILG
USA ,"Wilmington, NC ",ILM
Canada,"Windsor, ON",YQG
Canada ,"Windsor, ON ",YQG
Canada,"Winnipeg, MB",YWG
Canada ,"Winnipeg, MB ",YWG
USA ,"Wolf Point, MT",OLF
USA ,"Worland, WY ",WRL
USA ,"Wrangell, AK ",WRG
Poland,Wroclaw,WRO
China,Wuhan,WUH
China,Xi'an,XIY
China,Xiamen,XMN
China,Xichang,XIC
USA ,"Yakima, WA ",YKM
USA ,"Yakutat, AK ",YAK
Japan,Yamagata,GAJ
Republic of,"Yangyang, Korea",YNY
China,Yanji,YNJ
China,Yantai,YNT
Cameroon,Yaounde,NSI
Cameroon,Yaounde,YAO
Micronesia,Yap,YAP
Canada,"Yellowknife, NWT",YZF
Canada ,"Yellowknife, NWT",YZF
Armenia,Yerevan,EVN
Indonesia,"Yogyakarta, Java",JOG
USA ,"Yuma, AZ ",YUM
Mexico,Zacatecas,ZCL
Croatia,Zadar,ZAD
Croatia,Zagreb,ZAG
Philippines,Zamboanga,ZAM
Tanzania,Zanzibar,ZNZ
Spain,Zaragoza,ZAZ
China,Zhengzhou,CGO
China,Zhoushan,HSN
Switzerland,Zurich,ZRH
